timestamp,temperature_c,humidity_percent,wind_speed_mps
2024-01-01 00:00:00,32.89,64.11,6.2
2024-01-01 00:15:00,29.36,66.02,2.19
2024-01-01 00:30:00,37.03,88.76,5.97
2024-01-01 00:45:00,27.58,88.29,3.35
2024-01-01 01:00:00,34.78,50.76,6.88
2024-01-01 01:15:00,29.81,80.56,5.24
2024-01-01 01:30:00,26.96,49.86,5.97
2024-01-01 01:45:00,32.96,50.68,5.12
2024-01-01 02:00:00,32.05,73.8,2.37
2024-01-01 02:15:00,31.78,60.25,3.71
2024-01-01 02:30:00,30.41,86.58,6.01
2024-01-01 02:45:00,29.81,44.45,5.25
2024-01-01 03:00:00,41.94,65.58,6.77
2024-01-01 03:15:00,35.92,85.93,5.6
2024-01-01 03:30:00,33.61,85.21,3.55
2024-01-01 03:45:00,30.56,47.83,3.81
2024-01-01 04:00:00,35.04,58.33,5.15
2024-01-01 04:15:00,32.59,70.96,1.53
2024-01-01 04:30:00,30.13,47.97,7.51
2024-01-01 04:45:00,28.48,88.4,5.66
2024-01-01 05:00:00,29.6,85.74,6.84
2024-01-01 05:15:00,14.15,48.35,2.63
2024-01-01 05:30:00,31.05,46.06,6.87
2024-01-01 05:45:00,27.56,44.27,8.35
2024-01-01 06:00:00,37.96,85.47,3.02
2024-01-01 06:15:00,30.1,49.68,6.16
2024-01-01 06:30:00,24.06,60.81,5.0
2024-01-01 06:45:00,29.75,62.44,2.68
2024-01-01 07:00:00,24.77,69.95,5.74
2024-01-01 07:15:00,32.37,43.59,6.25
2024-01-01 07:30:00,31.45,51.34,4.1
2024-01-01 07:45:00,34.79,86.57,6.75
2024-01-01 08:00:00,26.05,85.42,2.5
2024-01-01 08:15:00,30.17,79.06,2.76
2024-01-01 08:30:00,23.17,40.97,5.2
2024-01-01 08:45:00,33.51,56.35,5.04
2024-01-01 09:00:00,32.59,71.4,3.93
2024-01-01 09:15:00,32.48,53.76,6.21
2024-01-01 09:30:00,30.01,85.48,5.8
2024-01-01 09:45:00,32.07,71.69,6.29
2024-01-01 10:00:00,38.02,43.6,4.82
2024-01-01 10:15:00,28.57,85.45,5.9
2024-01-01 10:30:00,30.69,87.89,4.33
2024-01-01 10:45:00,24.57,43.89,8.08
2024-01-01 11:00:00,25.66,66.62,3.78
2024-01-01 11:15:00,30.49,55.17,8.16
2024-01-01 11:30:00,35.52,59.64,5.05
2024-01-01 11:45:00,28.72,48.98,2.94
2024-01-01 12:00:00,28.82,68.9,7.05
2024-01-01 12:15:00,27.97,87.9,5.19
2024-01-01 12:30:00,27.33,65.15,6.28
2024-01-01 12:45:00,31.47,44.15,6.84
2024-01-01 13:00:00,22.51,71.0,5.51
2024-01-01 13:15:00,36.4,57.01,4.11
2024-01-01 13:30:00,26.67,82.8,6.46
2024-01-01 13:45:00,33.61,61.73,5.0
2024-01-01 14:00:00,23.65,49.64,6.03
2024-01-01 14:15:00,33.34,49.56,1.77
2024-01-01 14:30:00,33.36,78.44,5.67
2024-01-01 14:45:00,31.92,53.28,4.04
2024-01-01 15:00:00,25.03,78.36,7.48
2024-01-01 15:15:00,31.25,50.29,5.93
2024-01-01 15:30:00,24.08,56.08,5.36
2024-01-01 15:45:00,28.74,63.27,5.73
2024-01-01 16:00:00,35.15,87.16,3.5
2024-01-01 16:15:00,33.98,86.59,7.43
2024-01-01 16:30:00,30.08,50.34,7.99
2024-01-01 16:45:00,25.13,57.91,5.59
2024-01-01 17:00:00,33.23,47.47,7.39
2024-01-01 17:15:00,30.1,65.5,4.15
2024-01-01 17:30:00,18.4,63.03,3.8
2024-01-01 17:45:00,33.91,85.04,5.06
2024-01-01 18:00:00,29.88,86.5,5.65
2024-01-01 18:15:00,36.01,59.18,4.41
2024-01-01 18:30:00,24.52,64.59,5.81
2024-01-01 18:45:00,14.12,84.81,5.46
2024-01-01 19:00:00,31.4,80.34,3.5
2024-01-01 19:15:00,31.46,40.18,5.78
2024-01-01 19:30:00,21.55,56.0,6.3
2024-01-01 19:45:00,25.11,61.09,5.26
2024-01-01 20:00:00,43.78,51.49,6.73
2024-01-01 20:15:00,28.47,49.98,3.17
2024-01-01 20:30:00,33.65,41.89,5.7
2024-01-01 20:45:00,26.75,72.17,3.24
2024-01-01 21:00:00,19.55,53.13,3.33
2024-01-01 21:15:00,29.15,42.62,4.05
2024-01-01 21:30:00,28.67,51.55,3.59
2024-01-01 21:45:00,28.0,80.1,4.18
2024-01-01 22:00:00,29.43,82.57,4.68
2024-01-01 22:15:00,31.32,64.15,6.26
2024-01-01 22:30:00,29.25,60.8,4.52
2024-01-01 22:45:00,23.68,88.89,2.62
2024-01-01 23:00:00,32.43,50.03,6.71
2024-01-01 23:15:00,20.25,50.77,3.74
2024-01-01 23:30:00,19.75,54.59,4.91
2024-01-01 23:45:00,33.7,48.64,5.67
2024-01-02 00:00:00,32.54,58.97,5.3
2024-01-02 00:15:00,29.71,85.54,6.64
2024-01-02 00:30:00,23.02,70.77,5.72
2024-01-02 00:45:00,26.46,60.6,3.71
2024-01-02 01:00:00,28.69,86.72,8.27
2024-01-02 01:15:00,22.02,42.42,5.29
2024-01-02 01:30:00,26.3,50.51,4.78
2024-01-02 01:45:00,33.26,68.29,6.45
2024-01-02 02:00:00,37.14,70.78,5.37
2024-01-02 02:15:00,27.9,41.98,5.6
2024-01-02 02:30:00,33.78,60.15,8.74
2024-01-02 02:45:00,20.43,72.46,4.59
2024-01-02 03:00:00,33.3,74.9,4.52
2024-01-02 03:15:00,25.98,71.91,5.17
2024-01-02 03:30:00,31.54,56.03,6.61
2024-01-02 03:45:00,28.76,44.68,2.74
2024-01-02 04:00:00,36.6,61.36,2.05
2024-01-02 04:15:00,25.63,46.44,4.12
2024-01-02 04:30:00,33.14,87.38,2.55
2024-01-02 04:45:00,28.6,63.76,4.36
2024-01-02 05:00:00,29.21,55.86,5.75
2024-01-02 05:15:00,29.08,78.32,3.66
2024-01-02 05:30:00,25.77,64.9,2.86
2024-01-02 05:45:00,29.93,55.5,5.1
2024-01-02 06:00:00,29.69,80.6,6.29
2024-01-02 06:15:00,31.21,83.36,2.46
2024-01-02 06:30:00,30.42,73.65,6.23
2024-01-02 06:45:00,33.99,42.35,6.23
2024-01-02 07:00:00,34.62,68.32,6.43
2024-01-02 07:15:00,24.75,78.16,6.83
2024-01-02 07:30:00,34.34,46.83,8.3
2024-01-02 07:45:00,24.07,51.43,4.47
2024-01-02 08:00:00,32.94,84.12,5.16
2024-01-02 08:15:00,33.1,41.01,4.38
2024-01-02 08:30:00,20.44,77.64,5.0
2024-01-02 08:45:00,30.46,63.69,7.3
2024-01-02 09:00:00,27.66,62.34,2.98
2024-01-02 09:15:00,26.21,40.35,3.71
2024-01-02 09:30:00,36.75,80.97,7.07
2024-01-02 09:45:00,26.73,57.99,6.53
2024-01-02 10:00:00,25.97,67.04,4.46
2024-01-02 10:15:00,30.38,73.87,6.28
2024-01-02 10:30:00,33.43,75.13,5.51
2024-01-02 10:45:00,29.29,87.8,7.25
2024-01-02 11:00:00,35.83,66.57,5.11
2024-01-02 11:15:00,32.65,59.99,6.54
2024-01-02 11:30:00,19.11,87.69,8.96
2024-01-02 11:45:00,27.35,72.11,5.9
2024-01-02 12:00:00,27.19,54.91,5.07
2024-01-02 12:15:00,32.4,46.32,6.08
2024-01-02 12:30:00,16.88,82.13,4.45
2024-01-02 12:45:00,42.75,58.11,8.58
2024-01-02 13:00:00,32.66,73.02,5.27
2024-01-02 13:15:00,30.74,63.54,4.59
2024-01-02 13:30:00,35.91,49.95,3.75
2024-01-02 13:45:00,41.72,70.08,6.65
2024-01-02 14:00:00,34.35,43.03,6.3
2024-01-02 14:15:00,34.74,60.67,4.25
2024-01-02 14:30:00,30.65,67.33,5.86
2024-01-02 14:45:00,29.29,61.8,2.74
2024-01-02 15:00:00,27.62,77.43,5.28
2024-01-02 15:15:00,25.87,81.4,5.68
2024-01-02 15:30:00,26.56,78.56,7.56
2024-01-02 15:45:00,23.25,41.94,3.84
2024-01-02 16:00:00,29.62,49.71,3.08
2024-01-02 16:15:00,21.58,66.83,3.66
2024-01-02 16:30:00,30.95,86.74,3.0
2024-01-02 16:45:00,29.82,81.75,7.0
2024-01-02 17:00:00,30.73,82.13,7.32
2024-01-02 17:15:00,27.39,55.16,5.48
2024-01-02 17:30:00,45.38,61.47,6.83
2024-01-02 17:45:00,36.8,63.54,5.2
2024-01-02 18:00:00,23.78,47.87,4.86
2024-01-02 18:15:00,31.16,41.55,4.5
2024-01-02 18:30:00,26.96,87.35,4.53
2024-01-02 18:45:00,24.93,52.04,2.68
2024-01-02 19:00:00,23.3,52.0,5.4
2024-01-02 19:15:00,32.16,44.17,4.94
2024-01-02 19:30:00,26.59,86.43,6.12
2024-01-02 19:45:00,34.84,68.99,5.14
2024-01-02 20:00:00,34.97,73.35,4.76
2024-01-02 20:15:00,36.87,85.58,3.69
2024-01-02 20:30:00,25.74,57.28,5.11
2024-01-02 20:45:00,32.38,71.08,6.11
2024-01-02 21:00:00,33.16,41.94,3.28
2024-01-02 21:15:00,27.63,49.34,5.13
2024-01-02 21:30:00,26.14,81.56,5.35
2024-01-02 21:45:00,38.05,78.34,3.92
2024-01-02 22:00:00,31.14,57.53,4.12
2024-01-02 22:15:00,33.18,58.84,5.35
2024-01-02 22:30:00,25.89,66.68,3.3
2024-01-02 22:45:00,23.9,40.01,5.52
2024-01-02 23:00:00,27.15,52.06,3.66
2024-01-02 23:15:00,29.38,50.41,6.59
2024-01-02 23:30:00,24.68,52.52,8.51
2024-01-02 23:45:00,29.95,80.3,3.71
2024-01-03 00:00:00,21.56,53.98,5.8
2024-01-03 00:15:00,24.4,49.58,3.91
2024-01-03 00:30:00,33.35,65.21,6.56
2024-01-03 00:45:00,33.02,83.28,3.1
2024-01-03 01:00:00,28.04,52.07,5.72
2024-01-03 01:15:00,24.91,43.93,3.69
2024-01-03 01:30:00,24.86,57.82,4.69
2024-01-03 01:45:00,28.13,77.38,3.45
2024-01-03 02:00:00,33.22,67.53,6.23
2024-01-03 02:15:00,34.64,80.84,3.74
2024-01-03 02:30:00,27.52,87.98,5.83
2024-01-03 02:45:00,24.23,79.63,4.48
2024-01-03 03:00:00,31.34,70.19,4.83
2024-01-03 03:15:00,25.88,64.67,5.22
2024-01-03 03:30:00,27.41,42.0,3.86
2024-01-03 03:45:00,36.63,89.22,5.32
2024-01-03 04:00:00,34.14,59.17,7.3
2024-01-03 04:15:00,30.79,47.61,3.83
2024-01-03 04:30:00,23.64,73.34,6.76
2024-01-03 04:45:00,31.06,54.21,7.25
2024-01-03 05:00:00,35.31,69.29,3.78
2024-01-03 05:15:00,28.12,69.34,2.82
2024-01-03 05:30:00,36.76,62.29,5.45
2024-01-03 05:45:00,36.46,81.81,4.18
2024-01-03 06:00:00,38.32,53.25,7.8
2024-01-03 06:15:00,31.53,62.43,5.05
2024-01-03 06:30:00,32.94,66.88,3.8
2024-01-03 06:45:00,37.07,73.18,3.28
2024-01-03 07:00:00,32.24,79.2,6.63
2024-01-03 07:15:00,27.49,59.74,4.14
2024-01-03 07:30:00,27.76,72.3,5.07
2024-01-03 07:45:00,31.19,47.53,6.43
2024-01-03 08:00:00,23.55,86.63,4.27
2024-01-03 08:15:00,29.28,59.15,4.93
2024-01-03 08:30:00,35.48,76.48,4.98
2024-01-03 08:45:00,19.04,41.02,6.02
2024-01-03 09:00:00,37.67,50.26,5.89
2024-01-03 09:15:00,35.61,64.35,4.67
2024-01-03 09:30:00,27.7,83.91,5.1
2024-01-03 09:45:00,32.72,66.36,4.44
2024-01-03 10:00:00,30.02,86.49,2.78
2024-01-03 10:15:00,36.15,64.19,5.39
2024-01-03 10:30:00,34.91,64.52,7.84
2024-01-03 10:45:00,23.0,45.99,3.67
2024-01-03 11:00:00,32.94,80.13,3.84
2024-01-03 11:15:00,28.97,52.35,3.69
2024-01-03 11:30:00,30.41,84.98,6.09
2024-01-03 11:45:00,26.36,85.54,5.67
2024-01-03 12:00:00,38.74,87.17,4.76
2024-01-03 12:15:00,35.2,66.01,3.62
2024-01-03 12:30:00,26.3,73.85,5.14
2024-01-03 12:45:00,23.33,78.93,2.65
2024-01-03 13:00:00,28.07,46.55,5.22
2024-01-03 13:15:00,32.17,70.05,6.31
2024-01-03 13:30:00,31.2,41.71,3.12
2024-01-03 13:45:00,36.27,64.88,2.7
2024-01-03 14:00:00,33.95,47.74,7.37
2024-01-03 14:15:00,34.85,49.15,4.08
2024-01-03 14:30:00,31.63,58.25,6.7
2024-01-03 14:45:00,23.05,61.62,4.77
2024-01-03 15:00:00,29.02,71.16,4.76
2024-01-03 15:15:00,35.3,43.72,5.66
2024-01-03 15:30:00,29.74,65.18,3.67
2024-01-03 15:45:00,32.52,49.13,5.2
2024-01-03 16:00:00,28.41,68.7,4.43
2024-01-03 16:15:00,24.85,71.87,3.02
2024-01-03 16:30:00,29.38,67.84,5.51
2024-01-03 16:45:00,31.55,76.91,4.61
2024-01-03 17:00:00,26.72,56.78,4.76
2024-01-03 17:15:00,28.82,78.26,3.18
2024-01-03 17:30:00,25.3,61.64,7.39
2024-01-03 17:45:00,35.6,64.21,6.32
2024-01-03 18:00:00,28.53,72.41,6.45
2024-01-03 18:15:00,37.26,40.92,4.54
2024-01-03 18:30:00,37.64,72.7,2.41
2024-01-03 18:45:00,29.59,70.93,7.93
2024-01-03 19:00:00,24.96,55.49,4.91
2024-01-03 19:15:00,19.57,44.29,3.88
2024-01-03 19:30:00,22.64,44.55,5.63
2024-01-03 19:45:00,23.13,86.16,6.75
2024-01-03 20:00:00,36.89,74.46,4.97
2024-01-03 20:15:00,30.58,46.36,6.92
2024-01-03 20:30:00,31.95,57.84,6.62
2024-01-03 20:45:00,18.9,69.62,3.39
2024-01-03 21:00:00,24.01,81.78,3.99
2024-01-03 21:15:00,34.44,42.18,6.44
2024-01-03 21:30:00,31.43,51.83,0.93
2024-01-03 21:45:00,29.26,84.49,4.78
2024-01-03 22:00:00,32.82,40.46,2.85
2024-01-03 22:15:00,38.18,50.07,4.29
2024-01-03 22:30:00,28.89,87.95,4.55
2024-01-03 22:45:00,30.35,70.67,4.46
2024-01-03 23:00:00,30.96,53.08,4.17
2024-01-03 23:15:00,41.96,43.35,3.35
2024-01-03 23:30:00,19.5,41.41,8.44
2024-01-03 23:45:00,33.42,52.24,7.8
2024-01-04 00:00:00,29.43,84.07,3.26
2024-01-04 00:15:00,32.83,60.8,7.37
2024-01-04 00:30:00,26.71,76.02,4.4
2024-01-04 00:45:00,29.76,85.91,5.19
2024-01-04 01:00:00,33.56,60.4,4.91
2024-01-04 01:15:00,45.56,49.56,4.01
2024-01-04 01:30:00,34.04,65.86,6.48
2024-01-04 01:45:00,25.76,85.4,5.19
2024-01-04 02:00:00,27.88,80.22,4.29
2024-01-04 02:15:00,27.73,43.29,3.04
2024-01-04 02:30:00,21.02,74.63,3.66
2024-01-04 02:45:00,28.35,68.59,2.54
2024-01-04 03:00:00,33.66,85.37,5.02
2024-01-04 03:15:00,23.63,46.12,3.21
2024-01-04 03:30:00,35.24,66.7,4.6
2024-01-04 03:45:00,32.44,83.97,7.06
2024-01-04 04:00:00,26.33,60.5,6.8
2024-01-04 04:15:00,29.29,64.1,4.95
2024-01-04 04:30:00,37.99,43.52,4.87
2024-01-04 04:45:00,33.67,53.91,7.82
2024-01-04 05:00:00,30.04,56.23,5.78
2024-01-04 05:15:00,28.81,87.26,4.51
2024-01-04 05:30:00,30.38,54.13,2.86
2024-01-04 05:45:00,27.44,63.04,5.59
2024-01-04 06:00:00,19.48,73.57,6.24
2024-01-04 06:15:00,40.21,48.11,4.05
2024-01-04 06:30:00,30.78,64.32,5.44
2024-01-04 06:45:00,31.99,76.93,4.45
2024-01-04 07:00:00,29.71,83.34,4.72
2024-01-04 07:15:00,26.32,71.31,1.27
2024-01-04 07:30:00,29.07,73.45,4.67
2024-01-04 07:45:00,22.0,46.31,6.45
2024-01-04 08:00:00,41.39,87.29,4.05
2024-01-04 08:15:00,23.83,46.63,5.08
2024-01-04 08:30:00,24.84,78.73,3.87
2024-01-04 08:45:00,27.8,53.24,5.54
2024-01-04 09:00:00,36.44,86.68,4.68
2024-01-04 09:15:00,30.07,76.0,3.59
2024-01-04 09:30:00,23.82,77.69,7.0
2024-01-04 09:45:00,36.27,50.95,6.39
2024-01-04 10:00:00,33.66,62.15,4.09
2024-01-04 10:15:00,32.69,70.89,5.75
2024-01-04 10:30:00,33.58,78.5,5.81
2024-01-04 10:45:00,41.97,45.2,5.96
2024-01-04 11:00:00,40.93,88.12,2.46
2024-01-04 11:15:00,26.57,84.51,6.51
2024-01-04 11:30:00,38.12,53.52,4.15
2024-01-04 11:45:00,31.92,81.14,4.46
2024-01-04 12:00:00,32.5,65.92,8.96
2024-01-04 12:15:00,21.54,63.09,5.45
2024-01-04 12:30:00,29.15,55.72,4.42
2024-01-04 12:45:00,25.94,69.05,1.69
2024-01-04 13:00:00,34.14,76.49,7.08
2024-01-04 13:15:00,35.36,60.55,2.98
2024-01-04 13:30:00,19.63,71.46,3.49
2024-01-04 13:45:00,29.89,74.97,4.5
2024-01-04 14:00:00,35.61,75.56,7.12
2024-01-04 14:15:00,29.07,42.6,6.16
2024-01-04 14:30:00,33.65,82.99,4.76
2024-01-04 14:45:00,31.76,62.91,5.46
2024-01-04 15:00:00,31.71,53.12,4.1
2024-01-04 15:15:00,28.64,52.09,5.21
2024-01-04 15:30:00,23.92,64.15,5.11
2024-01-04 15:45:00,24.39,84.34,6.45
2024-01-04 16:00:00,33.55,58.92,6.45
2024-01-04 16:15:00,30.1,77.49,5.74
2024-01-04 16:30:00,29.31,44.84,4.46
2024-01-04 16:45:00,27.88,63.8,6.11
2024-01-04 17:00:00,28.47,89.58,4.86
2024-01-04 17:15:00,35.23,78.52,3.38
2024-01-04 17:30:00,28.32,50.53,4.4
2024-01-04 17:45:00,23.29,65.07,5.13
2024-01-04 18:00:00,33.72,51.68,6.37
2024-01-04 18:15:00,28.98,60.48,4.72
2024-01-04 18:30:00,30.16,79.0,3.19
2024-01-04 18:45:00,38.04,78.56,5.09
2024-01-04 19:00:00,29.9,51.41,5.17
2024-01-04 19:15:00,31.45,86.11,5.28
2024-01-04 19:30:00,24.11,69.63,6.38
2024-01-04 19:45:00,28.9,59.0,6.53
2024-01-04 20:00:00,33.05,65.1,4.11
2024-01-04 20:15:00,22.22,70.25,4.08
2024-01-04 20:30:00,31.0,67.99,3.44
2024-01-04 20:45:00,30.5,64.32,6.05
2024-01-04 21:00:00,30.21,65.25,7.17
2024-01-04 21:15:00,35.19,48.82,4.53
2024-01-04 21:30:00,31.67,80.64,4.64
2024-01-04 21:45:00,37.39,67.09,7.2
2024-01-04 22:00:00,25.03,46.55,5.76
2024-01-04 22:15:00,30.68,78.31,5.65
2024-01-04 22:30:00,30.42,86.62,3.21
2024-01-04 22:45:00,24.65,87.37,6.02
2024-01-04 23:00:00,34.78,58.45,3.61
2024-01-04 23:15:00,41.62,46.78,3.3
2024-01-04 23:30:00,29.91,65.92,4.48
2024-01-04 23:45:00,32.53,45.63,4.12
2024-01-05 00:00:00,30.42,86.7,4.67
2024-01-05 00:15:00,26.43,49.18,2.84
2024-01-05 00:30:00,20.9,52.64,6.44
2024-01-05 00:45:00,26.47,60.33,6.69
2024-01-05 01:00:00,23.04,59.16,2.08
2024-01-05 01:15:00,38.52,79.73,6.47
2024-01-05 01:30:00,29.42,62.82,3.78
2024-01-05 01:45:00,28.27,48.54,6.29
2024-01-05 02:00:00,34.45,53.36,4.9
2024-01-05 02:15:00,24.39,65.46,5.04
2024-01-05 02:30:00,26.17,47.37,4.72
2024-01-05 02:45:00,30.34,70.58,6.82
2024-01-05 03:00:00,35.14,68.29,3.14
2024-01-05 03:15:00,32.51,75.74,5.91
2024-01-05 03:30:00,31.24,86.89,6.65
2024-01-05 03:45:00,30.39,85.61,6.07
2024-01-05 04:00:00,32.0,87.3,8.49
2024-01-05 04:15:00,31.01,52.24,4.21
2024-01-05 04:30:00,24.85,46.58,6.44
2024-01-05 04:45:00,30.23,55.11,4.84
2024-01-05 05:00:00,24.63,84.75,6.85
2024-01-05 05:15:00,30.41,88.6,4.99
2024-01-05 05:30:00,27.6,82.97,4.42
2024-01-05 05:45:00,42.7,45.5,6.96
2024-01-05 06:00:00,29.8,87.37,4.26
2024-01-05 06:15:00,22.98,61.17,2.88
2024-01-05 06:30:00,29.33,40.47,4.22
2024-01-05 06:45:00,32.6,62.12,5.93
2024-01-05 07:00:00,38.37,42.3,7.09
2024-01-05 07:15:00,27.05,67.19,5.17
2024-01-05 07:30:00,22.09,56.93,6.98
2024-01-05 07:45:00,34.08,63.67,2.96
2024-01-05 08:00:00,23.1,70.66,4.34
2024-01-05 08:15:00,27.82,83.44,4.57
2024-01-05 08:30:00,28.71,73.1,4.83
2024-01-05 08:45:00,29.65,61.7,5.13
2024-01-05 09:00:00,33.45,80.97,6.04
2024-01-05 09:15:00,26.58,85.28,4.33
2024-01-05 09:30:00,28.63,45.99,5.21
2024-01-05 09:45:00,29.93,66.6,4.93
2024-01-05 10:00:00,30.75,54.23,3.61
2024-01-05 10:15:00,30.49,42.35,4.83
2024-01-05 10:30:00,32.18,73.43,4.78
2024-01-05 10:45:00,34.22,83.14,4.75
2024-01-05 11:00:00,31.96,48.15,5.05
2024-01-05 11:15:00,32.27,80.62,5.11
2024-01-05 11:30:00,22.09,82.67,4.35
2024-01-05 11:45:00,30.25,85.72,6.91
2024-01-05 12:00:00,32.4,53.26,3.25
2024-01-05 12:15:00,33.64,85.2,3.92
2024-01-05 12:30:00,26.54,56.03,9.17
2024-01-05 12:45:00,26.7,67.62,3.44
2024-01-05 13:00:00,27.13,42.53,2.97
2024-01-05 13:15:00,32.68,42.19,6.1
2024-01-05 13:30:00,35.17,76.02,1.88
2024-01-05 13:45:00,27.96,62.22,4.65
2024-01-05 14:00:00,34.54,52.81,8.22
2024-01-05 14:15:00,30.62,49.52,2.68
2024-01-05 14:30:00,29.38,73.5,2.03
2024-01-05 14:45:00,28.94,40.02,2.75
2024-01-05 15:00:00,33.73,80.29,6.35
2024-01-05 15:15:00,31.63,43.96,6.69
2024-01-05 15:30:00,41.38,49.57,4.23
2024-01-05 15:45:00,25.74,59.31,6.02
2024-01-05 16:00:00,32.59,64.24,7.09
2024-01-05 16:15:00,27.35,57.75,7.68
2024-01-05 16:30:00,25.65,56.04,4.63
2024-01-05 16:45:00,29.95,88.2,1.55
2024-01-05 17:00:00,30.69,72.08,3.77
2024-01-05 17:15:00,44.59,41.17,4.36
2024-01-05 17:30:00,29.08,61.51,4.61
2024-01-05 17:45:00,24.35,83.75,4.72
2024-01-05 18:00:00,31.37,55.07,6.68
2024-01-05 18:15:00,19.63,44.73,6.91
2024-01-05 18:30:00,29.54,77.92,4.74
2024-01-05 18:45:00,30.08,70.3,6.65
2024-01-05 19:00:00,33.97,68.52,5.54
2024-01-05 19:15:00,34.87,42.68,5.1
2024-01-05 19:30:00,27.48,47.02,6.36
2024-01-05 19:45:00,29.25,71.13,5.11
2024-01-05 20:00:00,26.17,50.39,8.09
2024-01-05 20:15:00,24.36,65.2,2.84
2024-01-05 20:30:00,31.55,67.24,4.23
2024-01-05 20:45:00,23.63,54.18,4.81
2024-01-05 21:00:00,27.93,87.42,5.66
2024-01-05 21:15:00,25.02,82.12,6.9
2024-01-05 21:30:00,32.75,76.12,4.96
2024-01-05 21:45:00,39.01,43.9,2.87
2024-01-05 22:00:00,23.49,45.31,6.26
2024-01-05 22:15:00,20.73,64.64,6.13
2024-01-05 22:30:00,29.38,48.04,2.09
2024-01-05 22:45:00,30.08,88.91,4.99
2024-01-05 23:00:00,31.09,47.93,2.61
2024-01-05 23:15:00,27.77,64.37,4.0
2024-01-05 23:30:00,29.0,58.21,3.65
2024-01-05 23:45:00,31.84,71.97,6.21
2024-01-06 00:00:00,35.2,46.45,5.18
2024-01-06 00:15:00,20.22,61.52,3.07
2024-01-06 00:30:00,28.16,53.74,6.32
2024-01-06 00:45:00,31.07,84.39,2.85
2024-01-06 01:00:00,25.41,42.03,5.5
2024-01-06 01:15:00,38.66,85.69,3.78
2024-01-06 01:30:00,26.82,81.65,4.45
2024-01-06 01:45:00,29.79,54.88,5.76
2024-01-06 02:00:00,32.78,79.46,5.78
2024-01-06 02:15:00,27.04,41.56,7.01
2024-01-06 02:30:00,20.77,88.34,4.88
2024-01-06 02:45:00,27.86,66.33,5.46
2024-01-06 03:00:00,35.15,55.16,4.34
2024-01-06 03:15:00,28.32,58.13,5.27
2024-01-06 03:30:00,25.77,43.32,5.66
2024-01-06 03:45:00,34.63,89.47,4.85
2024-01-06 04:00:00,28.35,41.96,2.29
2024-01-06 04:15:00,27.45,72.75,5.5
2024-01-06 04:30:00,30.75,62.14,5.55
2024-01-06 04:45:00,33.85,87.45,3.98
2024-01-06 05:00:00,41.91,52.3,3.07
2024-01-06 05:15:00,34.14,66.6,7.21
2024-01-06 05:30:00,35.8,64.12,5.74
2024-01-06 05:45:00,27.47,75.14,4.66
2024-01-06 06:00:00,24.87,43.4,3.29
2024-01-06 06:15:00,30.31,49.69,3.77
2024-01-06 06:30:00,30.54,50.73,6.95
2024-01-06 06:45:00,24.61,76.91,5.21
2024-01-06 07:00:00,29.12,49.46,4.17
2024-01-06 07:15:00,32.0,68.67,5.76
2024-01-06 07:30:00,31.8,50.76,3.78
2024-01-06 07:45:00,32.52,83.08,7.25
2024-01-06 08:00:00,31.45,87.11,7.03
2024-01-06 08:15:00,27.46,65.92,4.3
2024-01-06 08:30:00,27.43,57.62,4.06
2024-01-06 08:45:00,24.01,51.7,1.07
2024-01-06 09:00:00,38.92,42.49,2.78
2024-01-06 09:15:00,30.07,53.43,2.99
2024-01-06 09:30:00,28.88,72.71,5.2
2024-01-06 09:45:00,25.36,66.68,4.51
2024-01-06 10:00:00,44.68,87.2,2.98
2024-01-06 10:15:00,24.63,59.81,4.58
2024-01-06 10:30:00,27.86,74.69,5.76
2024-01-06 10:45:00,32.08,64.47,5.79
2024-01-06 11:00:00,33.0,65.63,2.15
2024-01-06 11:15:00,34.79,53.39,4.81
2024-01-06 11:30:00,39.04,62.75,2.92
2024-01-06 11:45:00,32.53,63.54,6.35
2024-01-06 12:00:00,24.72,75.33,6.18
2024-01-06 12:15:00,28.72,87.03,3.65
2024-01-06 12:30:00,31.54,56.47,3.85
2024-01-06 12:45:00,40.34,42.11,4.31
2024-01-06 13:00:00,23.01,64.81,1.62
2024-01-06 13:15:00,36.01,67.22,5.5
2024-01-06 13:30:00,30.9,48.42,4.59
2024-01-06 13:45:00,34.19,78.02,6.46
2024-01-06 14:00:00,29.49,89.25,3.35
2024-01-06 14:15:00,25.79,87.29,4.07
2024-01-06 14:30:00,33.75,49.86,2.74
2024-01-06 14:45:00,33.27,83.77,3.49
2024-01-06 15:00:00,34.86,75.22,3.23
2024-01-06 15:15:00,29.93,62.69,6.49
2024-01-06 15:30:00,27.0,67.03,3.95
2024-01-06 15:45:00,22.21,82.48,5.19
2024-01-06 16:00:00,34.1,64.01,4.43
2024-01-06 16:15:00,32.12,58.66,3.1
2024-01-06 16:30:00,25.17,64.66,4.75
2024-01-06 16:45:00,27.31,68.96,5.9
2024-01-06 17:00:00,27.67,49.45,3.19
2024-01-06 17:15:00,22.59,85.05,6.21
2024-01-06 17:30:00,25.91,73.71,3.73
2024-01-06 17:45:00,24.33,71.66,4.28
2024-01-06 18:00:00,27.94,44.97,5.8
2024-01-06 18:15:00,26.31,70.21,4.0
2024-01-06 18:30:00,21.86,46.05,5.06
2024-01-06 18:45:00,40.11,43.93,4.53
2024-01-06 19:00:00,36.26,66.37,5.19
2024-01-06 19:15:00,26.1,60.14,1.43
2024-01-06 19:30:00,31.36,69.44,2.26
2024-01-06 19:45:00,32.09,44.46,5.92
2024-01-06 20:00:00,35.96,61.55,6.56
2024-01-06 20:15:00,25.91,48.74,3.63
2024-01-06 20:30:00,35.46,89.36,4.63
2024-01-06 20:45:00,27.26,68.06,5.44
2024-01-06 21:00:00,23.32,74.37,6.04
2024-01-06 21:15:00,33.62,56.27,1.96
2024-01-06 21:30:00,36.45,44.74,3.67
2024-01-06 21:45:00,42.94,88.79,4.5
2024-01-06 22:00:00,24.0,54.31,6.05
2024-01-06 22:15:00,33.49,61.19,8.75
2024-01-06 22:30:00,27.95,72.49,4.66
2024-01-06 22:45:00,33.92,41.23,2.89
2024-01-06 23:00:00,22.65,80.51,5.6
2024-01-06 23:15:00,23.69,66.83,6.98
2024-01-06 23:30:00,26.12,53.91,5.16
2024-01-06 23:45:00,30.39,43.08,3.64
2024-01-07 00:00:00,26.79,48.12,6.44
2024-01-07 00:15:00,33.3,84.75,6.0
2024-01-07 00:30:00,35.13,74.3,3.46
2024-01-07 00:45:00,33.0,52.5,5.57
2024-01-07 01:00:00,38.09,43.28,6.5
2024-01-07 01:15:00,32.08,74.53,6.77
2024-01-07 01:30:00,23.92,68.62,4.9
2024-01-07 01:45:00,36.82,60.23,4.46
2024-01-07 02:00:00,26.97,58.18,6.84
2024-01-07 02:15:00,34.55,50.84,3.18
2024-01-07 02:30:00,37.87,73.48,5.66
2024-01-07 02:45:00,32.28,88.53,2.94
2024-01-07 03:00:00,22.52,48.79,6.6
2024-01-07 03:15:00,25.41,69.86,4.61
2024-01-07 03:30:00,36.61,61.21,6.9
2024-01-07 03:45:00,29.15,62.33,5.74
2024-01-07 04:00:00,30.4,52.71,3.17
2024-01-07 04:15:00,33.79,81.26,7.14
2024-01-07 04:30:00,33.48,64.26,7.33
2024-01-07 04:45:00,31.39,67.17,6.32
2024-01-07 05:00:00,28.96,55.24,3.86
2024-01-07 05:15:00,28.44,49.09,4.54
2024-01-07 05:30:00,34.29,44.3,5.22
2024-01-07 05:45:00,32.77,75.71,3.94
2024-01-07 06:00:00,28.71,49.81,7.54
2024-01-07 06:15:00,35.41,74.5,5.22
2024-01-07 06:30:00,29.35,59.52,0.94
2024-01-07 06:45:00,25.74,60.79,5.51
2024-01-07 07:00:00,26.21,63.46,4.48
2024-01-07 07:15:00,25.11,58.39,4.89
2024-01-07 07:30:00,28.64,45.03,4.45
2024-01-07 07:45:00,36.17,55.48,6.21
2024-01-07 08:00:00,25.97,73.19,6.68
2024-01-07 08:15:00,30.94,73.29,5.42
2024-01-07 08:30:00,26.72,54.31,4.49
2024-01-07 08:45:00,28.7,63.01,4.94
2024-01-07 09:00:00,22.45,49.67,5.03
2024-01-07 09:15:00,28.9,50.52,3.8
2024-01-07 09:30:00,29.03,41.15,5.87
2024-01-07 09:45:00,32.7,84.84,5.69
2024-01-07 10:00:00,31.12,50.54,7.31
2024-01-07 10:15:00,24.01,51.38,6.88
2024-01-07 10:30:00,35.42,53.98,3.97
2024-01-07 10:45:00,31.05,46.37,6.23
2024-01-07 11:00:00,30.99,71.96,3.57
2024-01-07 11:15:00,29.95,43.76,6.04
2024-01-07 11:30:00,27.41,46.71,4.23
2024-01-07 11:45:00,31.09,72.24,3.47
2024-01-07 12:00:00,32.38,56.98,5.42
2024-01-07 12:15:00,21.27,75.4,0.99
2024-01-07 12:30:00,27.31,67.87,2.37
2024-01-07 12:45:00,28.73,52.8,4.73
2024-01-07 13:00:00,31.28,72.54,5.12
2024-01-07 13:15:00,35.97,45.81,4.45
2024-01-07 13:30:00,26.14,66.82,2.63
2024-01-07 13:45:00,27.51,61.86,3.77
2024-01-07 14:00:00,27.44,53.39,5.59
2024-01-07 14:15:00,25.99,70.2,5.87
2024-01-07 14:30:00,28.26,83.57,4.98
2024-01-07 14:45:00,33.85,89.95,6.74
2024-01-07 15:00:00,24.73,70.39,5.6
2024-01-07 15:15:00,32.14,60.24,3.88
2024-01-07 15:30:00,21.49,51.26,4.58
2024-01-07 15:45:00,27.19,52.85,2.9
2024-01-07 16:00:00,28.35,63.97,4.84
2024-01-07 16:15:00,38.37,58.36,6.67
2024-01-07 16:30:00,28.63,85.69,6.03
2024-01-07 16:45:00,18.99,58.41,7.1
2024-01-07 17:00:00,20.01,58.67,4.55
2024-01-07 17:15:00,30.17,59.18,7.02
2024-01-07 17:30:00,33.07,81.83,4.71
2024-01-07 17:45:00,31.88,72.54,7.21
2024-01-07 18:00:00,30.84,70.71,4.97
2024-01-07 18:15:00,35.81,56.71,6.06
2024-01-07 18:30:00,27.3,80.9,7.21
2024-01-07 18:45:00,34.47,41.92,4.71
2024-01-07 19:00:00,21.84,83.54,5.33
2024-01-07 19:15:00,25.48,65.64,6.93
2024-01-07 19:30:00,20.96,59.91,4.8
2024-01-07 19:45:00,28.63,64.86,3.02
2024-01-07 20:00:00,29.77,73.37,8.21
2024-01-07 20:15:00,30.57,40.64,4.3
2024-01-07 20:30:00,30.31,83.58,5.24
2024-01-07 20:45:00,25.36,62.34,6.73
2024-01-07 21:00:00,29.05,57.15,4.09
2024-01-07 21:15:00,22.51,46.91,3.49
2024-01-07 21:30:00,36.82,61.97,5.38
2024-01-07 21:45:00,28.48,64.82,2.31
2024-01-07 22:00:00,27.56,60.18,4.57
2024-01-07 22:15:00,37.94,73.93,5.37
2024-01-07 22:30:00,23.79,61.04,4.6
2024-01-07 22:45:00,24.37,88.07,2.68
2024-01-07 23:00:00,24.52,69.96,7.39
2024-01-07 23:15:00,29.66,80.37,5.16
2024-01-07 23:30:00,32.16,45.47,7.15
2024-01-07 23:45:00,33.7,59.86,4.61
